timestamp,value
10 SEP,56172278
11 SEP,7266976
12 SEP,47762450
13 SEP,127671955
14 SEP,161117766
15 SEP,68636715
16 SEP,53452205
17 SEP,76743430
18 SEP,94018772
19 SEP,11545765
20 SEP,4813321
21 SEP,255577418
22 SEP,7852522
23 SEP,39149923
24 SEP,5728023
25 SEP,97289771
26 SEP,47143116
27 SEP,5196501
28 SEP,9888091
29 SEP,2411114
30 SEP,6625438
1 OCT,149826526
2 OCT,23980098
3 OCT,19498866
4 OCT,71986041
5 OCT,21919490
6 OCT,2500654
7 OCT,81225305
8 OCT,1670171
9 OCT,9724186